,hidden_layers,l2_beta,learning_rate,dropout,decay,decay_steps,decay_rate,batch_size,optimizer,val_acc,val_auc,val_f1,val_precision,val_recall,train_nan_percent,val_nan_percent
0,"[300, 200, 100]",0.01,0.001,True,True,100,0.95,400,<class 'tensorflow.python.training.adam.AdamOptimizer'>,0.8561350051117499,0.7416216602818853,0.6348328869182933,0.8926378625077455,0.5075631281117489,0.0,0.0
1,"[300, 200, 100]",0.01,0.001,False,True,100,0.95,400,<class 'tensorflow.python.training.adam.AdamOptimizer'>,0.9590479775160228,0.9440778086639963,0.9188628629074925,0.9247393353499416,0.913682117051285,0.0,0.0
2,"[300, 200, 100]",0.0001,0.001,True,True,100,0.95,400,<class 'tensorflow.python.training.adam.AdamOptimizer'>,0.8401542462846681,0.7117998304325606,0.587196065584118,0.8591092888367762,0.450048595024088,0.0,0.0
3,"[300, 200, 100]",0.0001,0.001,False,True,100,0.95,400,<class 'tensorflow.python.training.adam.AdamOptimizer'>,0.9520788026049404,0.9394165638135676,0.9069912789399484,0.9022875658786523,0.913708281487754,0.0,0.0
4,"[200, 100, 80]",0.01,0.001,True,True,100,0.95,400,<class 'tensorflow.python.training.adam.AdamOptimizer'>,0.8936712603534565,0.8342427802007043,0.7740229719828898,0.8648950571612023,0.7126840393043243,0.0,0.0
5,"[200, 100, 80]",0.01,0.001,False,True,100,0.95,400,<class 'tensorflow.python.training.adam.AdamOptimizer'>,0.9458864420719111,0.9359854683022263,0.8965188776926587,0.8796346160226616,0.9157474476406714,0.0,0.0
6,"[200, 100, 80]",0.0001,0.001,True,True,100,0.95,400,<class 'tensorflow.python.training.adam.AdamOptimizer'>,0.8821468663164067,0.8169464330334408,0.7469122394835802,0.8564407058761756,0.6848726856443577,0.0,0.0
7,"[200, 100, 80]",0.0001,0.001,False,True,100,0.95,400,<class 'tensorflow.python.training.adam.AdamOptimizer'>,0.954618846790938,0.94202314644838,0.9117404348493746,0.9085411908032539,0.9163274555332197,0.0,0.0
